INSERT INTO `moviedatabase`.`movie` (`MovieID`, `MovieName`) VALUES ('1', 'bridge to terabithia');
INSERT INTO `moviedatabase`.`movie` (`MovieID`, `MovieName`) VALUES ('2', 'Forrest Grump');
INSERT INTO `moviedatabase`.`movie` (`MovieID`, `MovieName`) VALUES ('3', 'La La Land');
INSERT INTO `moviedatabase`.`movie` (`MovieID`, `MovieName`) VALUES ('4', 'Dear Zindagi');
INSERT INTO `moviedatabase`.`movie` (`MovieID`, `MovieName`) VALUES ('5', 'About Time');

INSERT INTO `moviedatabase`.`genre` (`GenreID`, `Name`) VALUES ('1', 'Comedy');
INSERT INTO `moviedatabase`.`genre` (`GenreID`, `Name`) VALUES ('2', 'Romantic Comedy');
INSERT INTO `moviedatabase`.`genre` (`GenreID`, `Name`) VALUES ('3', 'Drama');
INSERT INTO `moviedatabase`.`genre` (`GenreID`, `Name`) VALUES ('4', 'Magical Realism');
INSERT INTO `moviedatabase`.`genre` (`GenreID`, `Name`) VALUES ('5', 'Romance');
INSERT INTO `moviedatabase`.`genre` (`GenreID`, `Name`) VALUES ('6', 'Young Adult fiction');
INSERT INTO `moviedatabase`.`genre` (`GenreID`, `Name`) VALUES ('7', 'Novel');
INSERT INTO `moviedatabase`.`genre` (`GenreID`, `Name`) VALUES ('8', 'Children\'s fiction');
INSERT INTO `moviedatabase`.`genre` (`GenreID`, `Name`) VALUES ('9', 'Musical');
INSERT INTO `moviedatabase`.`genre` (`GenreID`, `Name`) VALUES ('10', 'Melodrama');
INSERT INTO `moviedatabase`.`genre` (`GenreID`, `Name`) VALUES ('11', 'Science fiction');
INSERT INTO `moviedatabase`.`genre` (`GenreID`, `Name`) VALUES ('12', 'fantasy');


INSERT INTO `moviedatabase`.`movie_genre` (`MovieID`, `GenreID`) VALUES ('2', '1');
INSERT INTO `moviedatabase`.`movie_genre` (`MovieID`, `GenreID`) VALUES ('2', '2');
INSERT INTO `moviedatabase`.`movie_genre` (`MovieID`, `GenreID`) VALUES ('2', '3');
INSERT INTO `moviedatabase`.`movie_genre` (`MovieID`, `GenreID`) VALUES ('2', '4');
INSERT INTO `moviedatabase`.`movie_genre` (`MovieID`, `GenreID`) VALUES ('2', '5');
INSERT INTO `moviedatabase`.`movie_genre` (`MovieID`, `GenreID`) VALUES ('1', '6');
INSERT INTO `moviedatabase`.`movie_genre` (`MovieID`, `GenreID`) VALUES ('1', '7');
INSERT INTO `moviedatabase`.`movie_genre` (`MovieID`, `GenreID`) VALUES ('1', '8');
INSERT INTO `moviedatabase`.`movie_genre` (`MovieID`, `GenreID`) VALUES ('3', '1');
INSERT INTO `moviedatabase`.`movie_genre` (`MovieID`, `GenreID`) VALUES ('3', '2');
INSERT INTO `moviedatabase`.`movie_genre` (`MovieID`, `GenreID`) VALUES ('3', '3');
INSERT INTO `moviedatabase`.`movie_genre` (`MovieID`, `GenreID`) VALUES ('3', '9');
INSERT INTO `moviedatabase`.`movie_genre` (`MovieID`, `GenreID`) VALUES ('3', '10');
INSERT INTO `moviedatabase`.`movie_genre` (`MovieID`, `GenreID`) VALUES ('4', '5');
INSERT INTO `moviedatabase`.`movie_genre` (`MovieID`, `GenreID`) VALUES ('4', '3');
INSERT INTO `moviedatabase`.`movie_genre` (`MovieID`, `GenreID`) VALUES ('5', '11');
INSERT INTO `moviedatabase`.`movie_genre` (`MovieID`, `GenreID`) VALUES ('5', '12');
INSERT INTO `moviedatabase`.`movie_genre` (`MovieID`, `GenreID`) VALUES ('5', '1');
INSERT INTO `moviedatabase`.`movie_genre` (`MovieID`, `GenreID`) VALUES ('5', '2');
INSERT INTO `moviedatabase`.`movie_genre` (`MovieID`, `GenreID`) VALUES ('5', '5');
INSERT INTO `moviedatabase`.`movie_genre` (`MovieID`, `GenreID`) VALUES ('5', '3');


INSERT INTO `moviedatabase`.`media` (`MediaID`, `FilePath`) VALUES ('1', 'https://encrypted-tbn0.gstatic.com/images?q=tbn:ANd9GcRrhrQRMk40hL8fdQ70W23KP5WLDhbBCpY66CSi1thd&s');
INSERT INTO `moviedatabase`.`media` (`MediaID`, `FilePath`) VALUES ('2', 'https://www.google.com/search?q=bridge+to+terabithia+trailer&client=firefox-b-d&sxsrf=AB5stBgl8ZakvPCasrLsUqNpnp4zpkDmVA%3A1689500024579&ei=eLmzZMHvIrLNseMP_YiwgAE&ved=0ahUKEwjBi8CG9pKAAxWyZmwGHX0EDBAQ4dUDCA8&uact=5&oq=bridge+to+terabithia+trailer&gs_lp=Egxnd3Mtd2l6LXNlcnAiHGJyaWRnZSB0byB0ZXJhYml0aGlhIHRyYWlsZXIyBRAAGIAEMgUQABiABDIGEAAYFhgeMgYQABgWGB4yCBAAGBYYHhgPMgYQABgWGB4yBhAAGBYYHjIGEAAYFhgeMgYQABgWGB4yCBAAGBYYHhgPSNISUP4CWM8NcAF4AZABAZgB_QSgAYYPqgEJMC4yLjQuNS0xuAEDyAEA-AEBwgIKEAAYRxjWBBiwA8ICChAAGIAEGBQYhwLiAwQYACBBiAYBkAYH&sclient=gws-wiz-serp#fpstate=ive&vld=cid:afe23c56,vid:T2TDSEG57hI');
INSERT INTO `moviedatabase`.`media` (`MediaID`, `FilePath`) VALUES ('3', 'https://www.google.com/url?sa=t&rct=j&q=&esrc=s&source=web&cd=&cad=rja&uact=8&ved=2ahUKEwjQ9NG69pKAAxVUTmwGHaUAB2UQ3yx6BAgfEAI&url=https%3A%2F%2Fwww.youtube.com%2Fwatch%3Fv%3DbLvqoHBptjg&usg=AOvVaw3Rl-CRk23mF2bp2GIfstO3&opi=89978449');
INSERT INTO `moviedatabase`.`media` (`MediaID`, `FilePath`) VALUES ('4', 'data:image/jpeg;base64,/9j/4AAQSkZJRgABAQAAAQABAAD/2wCEAAkGBwgHBgkIBwgKCgkLDRYPDQwMDRsUFRAWIB0iIiAdHx8kKDQsJCYxJx8fLT0tMTU3Ojo6Iys/RD84QzQ5OjcBCgoKDQwNGg8PGjclHyU3Nzc3Nzc3Nzc3Nzc3Nzc3Nzc3Nzc3Nzc3Nzc3Nzc3Nzc3Nzc3Nzc3Nzc3Nzc3Nzc3N//AABEIAIUAxQMBIgACEQEDEQH/xAAcAAACAgMBAQAAAAAAAAAAAAAEBgUHAAEDAgj/xABFEAACAQMDAgMFBAcECAcBAAABAgMABBEFEiEGMRNBUSJhcYGhBxSRsRUjMkLB0fBygqLhMzRSYpKywtIWJFNjZHPxJf/EABkBAAMBAQEAAAAAAAAAAAAAAAECAwAEBf/EACYRAAICAgICAgEFAQAAAAAAAAABAhEDIRIxQVEEIhMyQlJhoSP/2gAMAwEAAhEDEQA/AKgikV3XLPxxwcZqc01Xe1uN7FYAAFOe5I/lS7FIqHepI92M1NWtz7E7AosRy23OT+z8uKSS0ceWJM9NWUN5fWkMo3RGQDKe0eT6cVcet65bz202nrYyG3/1WJ1bcxfaewXJwOAT3ye1J/2R2Mlpa6vNqEUXhYTYW4xIBu2lvIYI7VIdPakNY64W6ksx90uEaeBYm3IXVAMnjO47T8MetUxqlYEmlVinc6rqGqQ3EuoRRmKO5igublIgrAKu0Lye+Mnypi6uNt06Ge6sRJbzR7Iy03MsZXtkcA4wK9X+j6PZWOu6Nq4SzllWPUokQkbsFsov+1jtj35qu+p9dOp27Rb3aC38ONUH7KkAjjJPHAosaK2QM001zLGGBKqTsBYkKPQZrT+HHasjDMwIYPn39q2FfBwwBCgk+negpZW3uDn04NSqyyR3WVnk3BlLnGPcTRs26OO2Ei4J9l/fjI/hUZaTPC77HCKw9okelO/TvRerdS2cjxjmCQhn3qMufax8efqKDGUG3ojF6nuk0aHThOZY4uEjIOB7/qai4La5lud7owDqXDd+KP1Pp660N3OpWM9tG7FI3mHOQPUHFR9if/PqLhXMaoAR57R6UUybjxsAaOSK58Fv2iQODxk1JWN69tBdR+GPERCGZf2iPh6CuXUSW4mt5LSKREeIb/EbdlgSCR7sbajWkZoQWYkg4wT5UyHpSSZIaFFvknJdFwm3kZyT2x+FdLiJorgFsOMDc3xrt0zFDJDcl5ljfzzgkjGeB+NC3N6itIkYk9o92+n8aRp2Tlbk6PMp3XG4gDap/Y4GBQkQMsyKx2hj3NemkLghWZi3Htfwoh7UqxRlOACMrzuxij0P0tnaJIrSSOVJGwWAJ93rinPTemv0hKI7uaFIZEVkcy7dyZyCwHc4YHv7qULhEeBUKMrSS4DsxIVRnIGPh9Kl/wBK3P3ZIpJ0kjlfH6xTk8DHPAHAFGLXkhNN9AWoac2l6v8Adp1Ph7+0bBiy57jy5FWD07qNnZokscSRXKINy7iwbngZ7gle59aR7qbx4kWTZG8WV29yFBOP4UTa3XhFY4VJJI3HPOaKyU9Ep7PojRtVstQtbd7KM4kjO0YHsAYGD8zUrCpVQD6fhVU/Z5c3NqzyAtJEHIZjgsF44Xnnzq205UEY5qslRfFLktmgnHmKyvYrKUrR8SqSGwQfhTZ03p+mXhuv0pK8Vt93Oy4VOFkyOO/y/GlWTBRD+950ZaBpZLeNHCK7bW3E7RnjJFIGSuiwOir7T9AuLkQ3UVw0kZjiRpG2kg5Jx2zgUMuu6jYanHeWaCKYP4yEDIkAQht3vOc/GljS7SGC5ZWuA1yrtEAnZD5MDUzpF5cT20hvZhsYNExQDJxxk5HB8+MVrshkVOw7qjWbrqVpJZJxNcFTGWVPZCjkgYHwpOksZ0spZQcrvXt5YH+dPUNlaR6TdgagbaZjkQRRHaxzn9onjj8qg7gCdZrdZCPDTyHBwAKWToEJV0R0EIjhaRyAZEGDj8RUXPGBLO6jCpIcD51LXCqQYAcOW2sMeVAzxs3jMqs0YJXheMk+vrQRaLOuk2CXuoRxswSOZ9oJPYnsfqKvHQbY6BpciafaPMQ5eSKI7d7HHOD27fSqX0YSmZEWMSYG5kKcgHjv/XarX0vV7iLTLW6uy+JUwJZeDwSBn5Co5W1s7vhtNtEf9o93dXOlwR3WnvboWSRpXfcFJyNuPxqtZoJPEEgH6uNeAH7+Rx5kflTz1jeySwGJZPvCNJ4mUZtowMY5+PYUkWz20k8pciF5gyhfCLCPj2cY8z2z5U+K62c/y3/1aRy1RknsDHGzySRMJORkhSORn8PKl+mi16d1a5szqslu0Vu5ESSPx4jHyUefFLt1Cbe5lhLKdjFcjsasieP0FWVkskKzSPtDHggjivKWYaUjd7Hl766xTQ+HHvDcDAKt+zj1+NSFvc+HL4b24jZR+8OBkZ5z8qV3YkpSQNa6X4fiPJLH7J2j1OfOiFtp4VT9YCCAW3nyBrcupRDKuMsT7TA96AF7MTtV9ye/mg02LcpEtbr4whhOz2GPGc9wQT24PagNSj8GUIjs6phT69+1H2AkmKEyDw9rEDvtb/aHv+NG3djaNjwVASMhic7y4Pw7UjlToaMHXIivvaPiRl2lU2sM9/jR1sUEaP4RdyTkxjy4/Gom4w0ioEwrcNnnnzrccqxFIycKn7wOcEjt/GnSIShrRf8A9ky21z08JefFiuGX2sEgEDj4c1OdR9Q6foLxjUdRitVlyyb2yZOQCFHfiqq6G6vj0q5itxbYtyMjw5fblfGPnnHurt19dvqOmNqMmnuj2F14chwWIQqCfLgAgd/Wuh3XLsOOSdRLo0jUrLVbCO8025S5t5M7ZUOQcHBrKRPsm1i3m6WjQXMm6NiDEEGEySfr76ysotqyn5EtHzUK6IWHKkjFeDTD0X0pf9W6hJZ2DRxiNN8kkp9lfIduTk1M6WRtjOVkiJjZgj72KdyB6/zo2PUJlmjijYCJ23At6nz+tN+ofZX1LYWix2sunTh3AbZJsdviWwMcetJl6s+m3UtpewxrdW7FXXIIU/Lj8PWs0yWSKZMS3wZ23SApnlOSG47+7yoeK6OSqxhQAZCueeCPOoIS7piy5Ckev0NER3TPLHzn2GQ/Pj+VTcSccXEk4MSytPLlWZdxOPWpjpjp3WNeupYbG3baCGIZgI1z5k9vOloTS/qo2VVVcL3wTzV0/YZHN+h9TvZZC0UtwsUAJHCqMn6t9KyRRRDdB+y6CzIl1G6BYqFZLZCN2P8AePx8hTTqGh2jWi26xBYFVYoVX90dgPl3qYjl3AY8+1DajIqRhmGc+z37HvVoxXQz+m0KcfSWj6laNp19af6rI6lo3ZGJ49rIPmCKh9Q+x3SpI3bT9RuYC3ASf21B+Iwfzp4gtJYddlm3DwpowQMnOcf5UdNKixYzz3ppxj4ExtzX2KVtHPS019pd3cyzbogkyOuVjlyPaX3YA5FVdrJVtVuzGVKeK20qCAR7gatn7X4fuOuxXyA7bqIFgBzvXg/TbVRXchnupJBjLtnB75qZoKpMOie3v9RtxdCG2gLxrI0KbAEGMnHrjPNH6mqyX7WtjJ4lsBstpSQm8Z7kkD3d+3rTnpn2PzXNlb3J163VpEDBFtyQCPLOfWq4vDNZ31zbybUliMkT+hOSDigxnGwGX2XYccMR3zXrxWCrtUccZrZtZlC+yPaHGDXENg81h9BImltziOXlR+72NH6fqIjlRXOyMjncMg1F43Dap7/SsUbDhjny+FCkI4poY7uGExO6yhTncQD+ODWrux06Wys7yO6S1aRWV45ZBJkrn2sDkZwBg+tC6aERo2xuU9wxHH9elA3niCYhtpB5G3OF/rFayMVvsJsRG0nhTq2f3ShwSfLFT+q9U38djc6dHKyQzRtHKzTMWk7Z3ep49KhrOx1G3iS9t2MeIvFV84xzjz/rinmXToOoekHvL6+tTdDczXLQ4kIwO+AM88fPvVOkDinNCppFxM9mjJeajFhRHixjfbgds7SOeayrE+z3SNKXo7T7ia+Nu1wHdsyhdzBiD39MAVul2VcEKcf2bwMGxfTMf/rAP50z9E9Or0peXFzBcSTmaMIVdQuMHPlWl/Tu0BtUhBxzi0WupTWPCIi1Yq3q1vGR+VT5Hbxj6GpdWafazQI4RiMF+57Y+tIur/Z/Z6pqVzeyXc8RuJTIY0VSFz5CixBrj8prZyOMi2jxXWWy1cpvTX58Y/8AQj7/AIVpSbMoR9EM32Y6aE4vb1uf9pB/010j+znTFb/Wr454/bT/ALKkJ7LVmUBNdu1I/eKx/wDbXSys9QUj7zrV5KcH9nYp/KlbYeMf4gE32f6Ns2ma+9n/AN1R/wBNWT0FpVvpPStvaWhk8Is7gyHJ5Y/ypKltLlYpGOp30hzkEuBtHoMD881YXT2E6b05Q3JtkIJyxYkZ/jTQ7EmlWlQdauCSBn2XYfU15mRAwmflSQCp5GQDgj31z06RpGmEiMhRyPaXbngcjNB65qP3ae0t0Uu5BkKgEk+Q+tdENyIZHUbOmr3ZtHt5ImOSMFB+8AQTRLkNallIZWGQR5g1H39udS0o+OJY5El3EKu1guOD5/D5UN0zK8dtNptw26S2z4R49uIjKn5cj5VWaXG14IYpPm0wXrfQbPWtPtZb2Mu0LnhWI4YY8vLOKR5Ohen+W+6vuznJlf8AnVmalo5v+nZRKWVpoMyIJDggjtny9eMdqreLSbPg+BI39qQn8ea4Mtp3Z6OFJroY4dRvLSFYbdztTsuwcfM1Gy/Z5Yakz6leRWsX3hjK0k85GSfPaKg7i2037yqyQr7ThOCRySB2FFy2GkXmhHLXMcTA5SBUUkZxjJzUVO+2UlGvCJR/sp0iezn+4zW80vhkILaXlW8jkkjj0qs+sugdT6blEmx7iycFln2bduMZ3eQ78c80xaf0zY3V3efo+5vbGK0dYlMc+6RyUViS3b97sB5VPXF5qun6QunfpW4urOR1tninVW3IR644OcD0wO1VvjLsg9x6KWgLTSLEMZIwMcZxXqK3eaRhGNwALHHkvrVrRW1sAweFQQe+wfyqN3okz7vZUHuOMfhTPIc7vwI6Wt1B+pKYYqrgE+vY0S9pdzLsBUcBeSOR61La5MsE8XhSMRtPZj3/AKOai1nkebwFlmaYNyW57+zjj496ylZJqadoJtLEi2EMsmZ920KWJQr3B9OOeD610X7tCvh3c5fc2HVJCq4wcY9B54x5UBaXgt752mLNt3cQtywGfMjH0oK7Z1Mu87mcENhwQQOxHup7bF/HJvssDpvqnRNK6ftNK1LTnvntWk2SqikYZiccnjmsqsVkaPjc4+DYrKOyvGXstpJOoGwvi6YW/wB22lP5tRMdr1E3LXdjH7vurE/V6VR9o1wcbNJgBHrKSfyqU0Xq/V9VvIbe1sbVJJicFmY4wPPtUtnbzh7JrwdXHH6Uty4PIjss/j7VEwWWryH29X2g9ytqmfrQeuX3Umj6fLfzxacUU+0Eifcc/wB6lZuuOoRtcRWm3jcY4iQM+Wdx5rNMDy412x2Gl6ozENrk4wf3bWLn6V0/QuoFQRr9wCcg4giH/TSS3V2v4zHPbROWw6NbYZB7z8K4XXWmvRQwH7z4Tye0DJbKFK+q5HNDjIy+Ri62O9zoeopby79avpFx2CRAH/DTP9nGupNZjSLiRjeWQ2xCTG6SPyPxHn8qp5+stbm2f/1Cyk7W2wRjn/h4864m6vY7p9TW9nE8ADowAXHrgj17dsflQXJSBLNilB9n0nqWrQ20OMNNOzrGsSKWYkn0+GT8q8wxXrqJgu0HkJMdrD3cZpW0O4uLe6jR7mNmeFZioHKq2eT6k9vl275cXmYRckg4q6XLYt8VSFDUNB6mukmf9M4uXJ2xrNsTH7o4jOPKojTtG65ttb06eZLSaFEaO5bxgPZJ8jgbuMHt606SXpjWXc6gLyCxoa+1gW8QLMFGAck/L6nA/wDyncn1ZJQXYVLYajciVw0aB0I2M+C+QRg47Dmq21Lpy3064kju9NgSb9rtlSPd5Yqz7K4lZS8h9kgEClj7UrVbnQnuWGZLaQbD8eCPnUJ4rjpnRHNT+yK01OzsILm0kjt1jeOePYQAMe0POpO0Kjp4qMcK3/MTUImlwXmnR3ZXbJbPvDDjODn+FSFgD+gJgD+yjj864ssHGrdlllU+lRIdLODLqp/+RGfxhSt9RyGOx3jutzGf8QobpJj4uqKe5aA/jCv8q6dUg/ouQNwDPDg/3hVfKJftZDT3rBDjjgDvUHdF3lcb8fxrrcvJv2khV7cdzQV6+1sqx5IqpzJnLUMEKW3HGDkmhpoyEadDC4IAPYsOSMEHz/Hyo6Yh0wR2XPpUe3gqm1XfAkJICjI74IPzpoglYDMzeIMFtwG32hgjyrcx8Tw41B3Dtn+vWjbm3R03RknHINeI7cJdY3b8DIIp+So3kjpEZG2nuK3RN0FZxg+Xc1lFSDYfplpE8PisPaBB2jngU6dCWy/+LLVmUgKXIGOP2TQcXXZZt6WzpgH2fH7/AICpTTep7zUb+C2hiVTM6rvaVsDPnUHJ8i3GC8jj9oMY/wDC1z7JdhtO1QWJ59Bz3qmL6G/uYVggtLzZGxKARuSc+XpgY+tWzqUeq2ljPcPcWBMUbOFJbJwM471XjfaDqUkeUtIEx2JLH86q5TbuhHix3bkQ72mt3MAjk03Udy9mS1cZGAMHA9AP865jR9aZWI0nUpH2gIxtpDtHp29Kk5esdQuUBe3th7Wex5+PNDjqzULVyYYrUEgZBiJx9aFz9B4Yk6v/AA42vT+tJJGW0q6QDlt8e386nLfRb+8jYTwBbcH2sSKS5Ax+znnj4VH2/V+uTyriWJOf3IBR661qUedtyVLctiNe/wCFTk5jVi/sY+iptXf7QtOa5heOyaIWpEkqMdkcbFM4PfIFXPduBEcdyKoHpvWbu26i0q4uJ5GVrpQQWwMZwcgfGr3umyqj3VbE3TsSTi/0iN13dahBqNilhFHJE0bGcSNjHIxj60n6/wBSXeRJLGSgYMdjAjPl8u9EfbBdSJrNhHC7AraszhWx+/x+RpIvt/6pxJKG4PLcds8Clmny7CssI0mj6D6K1VNZ6Z0+8UgmWMK/uYHafqK7dVwC70TUYSQMoxBPljnP0pE+xHUTJaXWnE/6G4EiD0DHn6g/jTz1K+NC1VicAW03/KaqncRCvtB0pZk+4xTpJ4m8liMYwMnjJPkaLXp2WC0mD6jZCDw5GHs8HBIzwc4ODzUD05MsC7jKkQVjl2GRgjH9Y5o6C5db1ZJOp4+7MY/AYR5fO5QM9uTx7z85KFrY6kvB3i0e/wBPurs2rWkkJlW3EmGBZlJUZGMjAHPuxXh7G41JIUlmt2idlc4Ru+FZRlhx+0v5UZdXgvbWLOsRiTe0jfq2BLZwDn4KPWhvAgh3eDr+0KuRtjfJ4HA59w/DyoNI3IEu9ACoHMtqpxkiQ475IxkDOcNg+6ovULG3tnEe2OQ7c7gg2nPYqfMe/tUjquoTvLJHHeFoxxvQFRJkDPn9O1Rkskk5LyuzucDL9/xraEqwZreAxnMSfhXj7pbF2/UJ81o1xsA3YAArjvUjIzz5UbDQJJb25PNvF/w1ghtt53Qxk4/2BXUtjBIzyOK5ht3bHxxTUKcJILYni3iP9wVldSDnuo+FZTAE20kMUnIOCKljOX06VUkKsBwAcHNQrsWI9kAY44qS0lfGuoovDVtzAMRnjuPlU5RvZn2jd/dLd2kSLCIypBZvl/nQc5kdIlZRlDsBXzpo13ThYaOJUUblAVviSKUkZVI9rII5x5GmimNJpvQc6pHGFcAuVIXnAH8zQrJGxU7iCBltx/DFFTfd0jikuMyOygBA5BjGOOce8nsa8K9sTi3jdm7De4K58ieB+VZIRM2jtE6ghhjvgYz/AFmjpblo4ly+WbyGTj3VEyO0hd0ZiIzk5bjkjnHvOKNs5JXtnKRuWbO0wqd2c55wO1BxC7MV5Y5/vMbMTE2/b5AjkfA5r6dsrhNQ023vYTmGeFJEPuIBr5qS0v51jjFjdSKAW/Wo2C3v9fd8/WrZ6T1i+h6P0+CK2WO/iBjYSPtG1G4G0cnIPpgfSmTUexoRcnSEv7Rrn711hckAnwI0iHyyT9WNKM83gosW8kAnC44X34qY6gtdTu9d1G4ito4/FuHZCbuMYG447t6UCdJuUz96msWPs+GXnDc7sn9nPByfpS2r7FcZNjf9jV+tt1MIt6eHcqVHqWBDfhjdVr9VFV6Y1R5Dhfu0hZvdg81RVgn3KexuUlsYprWYNvi3tuHO4H2fPirJ6lvNRuOltR8Y7bK8BRHPthAT2XgHHHnx3x5UVNLRSOOTV0Vra3SXcTRqx2swRyO3NEjSG062a8kJPhjLE8kDPJ/CotUt7HxIo2Zw3fC7ecccU6aZc2/UenzQxAhnhMcy9im4YJzS9iNtIVpdRVW8RHQKeSC/Pf61HTa00gjVHOMc88e78MmpzUunbLR7zwJlnlbAb/Trgj3gJ/WaCaw0wklbAeuHmf8Ahil5QWmZQbAH1CUWZHhneuMntknt5+6sbVxEVR0IUqMsM5PB5wffUkILLZkWMG4HGX3H3+tevDt29oWNoT6+EGz+NLzgOsTohJNQaSQJvJibgEkjHn39aDlndCQs7Ac9yc01xSmFGT7jZNGTko9shB+lY0umS5+8aDYnPfwmeI/TNNGcQfiYoQtNK4RZWBJwu5vP8ax/GEpiDOWUkEbvTypnbT+npXDC21G1A4xDMsg/xDNZc6Hp1yVMOsNC6cL4tmVwM9srmqKUWDixWRpGGfEbH9o1lMs/S3iQxC0vtPncFvEkaUqDk8YGKyjaFIo2dnJtEa3HngPOvr/Zph6etIoby3QCVI/EDkGckE9gccAn30Pb9MavcIng229EOC0alsn50fF0vqpfJs5VlXBBCn5H5c9qk2yzSoZNd0KAdOz3U1wrrGpkEO3Ksw8uPh61Xcd3ZCQLLY2ijg+zCScfM07apY64vTskF++YjnIERUnIPGSaSTovhlWYSKoIyD6VpTXnQsMbQSuoWyr+rtbVU88Qrzj14rZ1YRcRxW6Z5DCJcj6V7i0lAAd3B7Bj517/AEPHlV2kE896i5x9nQsb9As2qzPNuhuJ0yMEqdn5eVdxfzGPm4mLDuWcn8zRI0yLZhkVXBzvxyaJj0+AgBc7scig5oP4yEmvXIIZ8859o5xV3/Y5pKQdOJdXSEXE0rupwANnGOfM8VVkulW7DHfyYNxTV091RqOj6aIgktxDHkKipyD8c+/0qmOcbFlCS6In7XrYaf1W629k1tFLGJDKHLrOTnkA8KRjkD40jSyMUUgOW86s9r9+srf7jqllc2qRZkju/ZJiPoctyCPwpVXR9ikNuY57jtTTlFPQkYSYt2EjvPHHIzIjSKGYeQJ5Pyr6e0W6sJdDjRGhSBosKig4UHyP8/PNUImkpu5Dcny8qZ0HUsNj4FhJbCHjnw33ED+9j6CtjyJsZ4mlQn9T6Y1nrt9BGoGJCYmSQldpxj48cdhXLpc3ljJcskalpEUAligGD8KYJtPnkuWmv3jluHxuIyBwMeZJoqC1jhX2SCceYzSPJT0F4bWyF1r79qN940u1G2gHYSQaCOmXHBaQ0zMjMSSSAPQVr2sbQfZ75zU3kbGjiSQuGxnjU5P+HNYltNwD2961OkY7MQPUYrXgSyHEaSN8FJ/KtbYHFIiVtWxxx7+azYAeUz7xzU9FpGoy8RWdy/8AcaiF6Z1V19nT3U+pyKbjL0Z8V5FeQJgBkUY9BmtxW+4gpt49QaZR0tq7vt2pE5/ddguaLj6E1OTJa9toh5gNu/hTrHJ+BHkin2J89jvIZzGD7l/yrdOkf2ezY/WakAf91TWVRYZk3liQtnrF7BG0MTqsZOSpXIJxjz91d7fW74P7Mir7Xkg7+vx5NarK5+TOtxVna81i6u7Tw7ht6njHbA9OKhQivF7Yz5c1uspcjNDs9xriNQcE45OK9ogYr5ZFZWVLwP5OsUSvGrNn1HursoDqr45xke6srKDCjyArqH28nimvpG1gvLdjJGM5xmsrKv8AH3PYmT9Jw6ghEErQQsUjY5IA71Ew23iqF34x24rKyjlX3oyf1TJGz6cFzgm6K8+Sf509abpawWar4u5sY3bMfSsrK6PjxSejnyybIO66VszOWlmndnOTgqP4V3tulNK7tHM2D+9J/LFZWU6jG+hXOXskE6a0dEB+5I39ok1yez0uCQKml2+fXaP5VlZVFFeiPJhCyRxpuhtoY9ozhUAoS8v7hJYlQou5u4TtxWVlFpIW2bF1Oygs/n5KBUbrOqXUTQRRyFQTyQeT5VlZQ8CTboRtcu7nxpovHk2Z3Y3HvxTR0e3/AJcbQAGG4j3k1lZQXYkHsaUGc84xWVlZVxmf/9k=');
INSERT INTO `moviedatabase`.`media` (`MediaID`, `FilePath`) VALUES ('5', 'data:image/jpeg;base64,/9j/4AAQSkZJRgABAQAAAQABAAD/2wCEAAkGBwgHBgkIBwgKCgkLDRYPDQwMDRsUFRAWIB0iIiAdHx8kKDQsJCYxJx8fLT0tMTU3Ojo6Iys/RD84QzQ5OjcBCgoKDQwNGg8PGjclHyU3Nzc3Nzc3Nzc3Nzc3Nzc3Nzc3Nzc3Nzc3Nzc3Nzc3Nzc3Nzc3Nzc3Nzc3Nzc3Nzc3N//AABEIAHoAsQMBIgACEQEDEQH/xAAcAAABBQEBAQAAAAAAAAAAAAAEAAIDBQYBBwj/xABEEAACAQMDAQUFBAYIBAcAAAABAgMABBEFEiExBhNBUWEUIjJxgVKRodEHI0KSscEVFjNTVGJy8aLh4vAkVWSClKPC/8QAGgEAAgMBAQAAAAAAAAAAAAAAAQMAAgQFBv/EACsRAAICAQQBAwIGAwAAAAAAAAABAhEDBBIhMRMiQVEUMmFigZGxwQUVUv/aAAwDAQACEQMRAD8A9RKUwx0cU9KYY62qZlcAEx0wx0cY6Y0dMUyrgAGOo2jo8pQskmy6jhZRiRGIOfEY4x8s/dVvJRXY30DmOo2jo5kqNo6aplHEBKUxo6OMdRslXUyriAlKjZKOZKiZKYplHABeMEY8PGstdtFpUkkhilgaYnad+7d6nyrZslU+u6dcX0Ma2s6QMrhixTJwPLypeZOS3R7QuUDOWmrL3rpO0rROcjKnK5x4/fQC6mkFwUV39njJIGMZz0z9aK7T6bfo8U4UOAvvKoyqn1PXFUl5dZhCzMgllYKojGPd64+81z55suOW2T66/EtHFFk1/qV1cSPPbyJCrIoVdmSOeDkjrUb3CzWBt7jbIPFnHJI8RQNw/d+4zvnPUADaf51FcahLAndbIo39F8DSY6vLNtTlVj1iSqkdWP2dladEMLEjbIdwB9fKmN3UlyfZXiZdmfdVhsPTgeJ/Op5Fvr6zVre1luFUAKkUTSYyOpIHpUVxaXGkC3kuIpLWU4cKw94/+3qPkcVeM1F7O0vf3LqEmrYdaWF3HCo9xI2BDAr7w8vvoa/tEt7cXWcA8FgcN6H6cUCdQvEJkzIwZsjJJGaK3XV4/fm3e4mUYG5dgX1HnT3syL0p2L2yi7bA/aP/AFh+9fypVabz/dClV/H+YtuXwfTOymlKIIrhWsO43UClKY0dFEUwirqQNoIYxVfqmmi8jV4isd3Ed0ExX4T5H/KfEVbkVGatdrkCi07RXWrieLniVOJE+yfyp7JQ+qwTRN7dY571B76AfGPl5+lc0jU4tTt9yYEo6oP4j0oQzbZbJF5YLjviSlKjaPrxRRwa8p/TFq9/HqFpptjdS28SRCaURuVLsWIAOPAAZ+tOnnWONsTHC5Oj0dkqJlryTslq91bXYD3N3Kdp2oJCcucbeD15IGPWvXN4ZVOOozQ0+r8qfFUTJg2lPr2s2eh26S3veHvCQiRrksR/Cszb/pE0q5vFtzb3Eak4MpIIX5jrj1FWXb2QrbWe0rkysCpODjHUV5Pe6c0SXVxCZHkjkG1VTovHJH1pOXWTjl2pjI6VPGpHsGtacdSt9sdyyxlfhUjZJ5Z9KynaPs+lvpTMptbdiURTnC9PeyT5mtJZXA0jsxpcNx790tpGiw596R9oyoHXio47yDX4Xtf6KvpgeGU2rFQf9XQfPNapzxyjUu2jH42nweVx3qQw4uCZChOMtn7qMiSVwlzNAAre9DEy/F5MfTjx6/Lrt7vsbotlZv3D99qEakohk3Rgk8lscE4yOOPPNZWa2u7p5o1SQtjDv4qSPH5iuS9M99dmvG4U2/2Fe9tNZ9iFump95ExzlJDu8scHgenSsus0jyM8kkjFudx5Y+maPOkSzruijWOJPdbIPDA45HzpyySwYskggkjjyXlWMMXI8PCtKxK7A5to7Hcy2kOJEURkE7mwSeenWjX1kXQeKAnu0j3O54fP2R+HPhVfPazEi5MccLO2wgKDk4Ph0BPoKNm7PzQwLElxF3apveRht2k+Ax1rZGeRKl0Z5Yot2DbI/OP76VCezv8A+bxfvP8AlXaX5V8E8R9bF6aXoQ3FM9oFYPIjqLEwsvUbPQxuBUbXNHyIssLCWc1Ez1A1yKia5FHyhWBk7OfOqXU9M3yG6sX7i56nBwr/AJH1o17kedQvdDzqSkpKmXjilF2iut9W1BZWjvEy6kZVl2kg+II4NeM9tNZfW+0k12oEaoqxbCegUmvYdamL23uDL8gHyB61jbnQtPvp0e4s4nlOBkjnrXMWWUMs4yla4GPDuW5KmYfQnl9qVwdyAoxycbOR+Y+6vZdAmnOlQrcABkGwEftAdDVbpVjoejKsa2UfLgl+S27zHkB5dKEm1PtBBq1zp3s0DKmHF4wwkcZPDN9D06nwpmj1KnNyinX8mfIlFeo0uoaE3aPTri0RogRhkdz8DeBx1rze20zUtB7Texv3dxdM7JEWDJHPg4bnHAxn1488VqLXUJbntKIfa/1QJEbL7oIHPTzPWhf0i3U2lXOnaqjPst7jbKR9hhg59OPxFb5OM5qzM8kqaiehz6spRJo7aOKbYASACVOOQDWV7Tdp54rOZpbkxJkcE8Yz/GrBmEsC9x7+8DaR69KwX6VLSK2m0y0uCc9zJNJt65YgL4+G0/ea2tRhC65ObulkybbM5qvaqZwyWOYx0MrH3h9PDPr5VR2N9NAxlhuXRy25nGWLfnVnaDSbZzlp2B6AIG2/ImmX0mm3M4kCXPxDq3AXyHjSfHll6mbVGEV2KxuoGd5j7RLIxJcyAbWznJxn5cUdHqFrFC3eO7SiP4Ni7QfP08KzNzOJEaMKygN7ueePU0JtyApdivkR41VTmui3pNQl7/SkyxQGONI8zkg5bcBgfgP4UcP6NdyZGlu5VIDb8lc+g6VkreaG2hkGxzKeMkcEVbw67i329wu4D3RnC4/lToO+yek0HsOn/wCGi/d/51ys/wD1gP8AdD7qVM3RB6T36TU1QEs+APEnFVl12s022/tb6EHyDZP4V4fBeXl3cxxM8kpc8LyxPGaLaF0AYptBOAcday4dJjmrcjZl17j9sD1X+vmktn/xTDHmh5rs3bXS0j3+2q2eiqMk/SvKmgZQCBu69FNRcA4Oa0fQ4vZiP9jlXDije336RSOLG1L4PxSnAx9KrJ+32rSH9XHbx/Qt/Osz3BEKzMG7tsgMPPyphQKwErLED4ucUzw6eC5F/UarK6jf6GmXt3qo+NIG+hH86dL28vWI22sIHjliazs1oFAMUiyLt3Eng/QV21tp54ppILXvkjwXbHwDz61VLStXGhmT63C1HImr+Ubrsjrl1qpvnvXjRIzGIwB57s/PoKuL6XuYndIkDAcHoaj7LaMLDRYDd20cV1Md8ka593wXPPUgAn1NW82nbkeVSoWM+8rnjp8q8P8A5DPjnrJuHXRvg5xwrc+TE6qZrGNZppmaRnGwMOiYyQPHk4o+y1aDVLGLTrqdo3R8xMWGBnGVYEjI44548KxHaHtFJqd9LJEAkWSI8/Z8Pwqliu5Fmbu5dsmMk16PSaPLjxJzaRieeL9NWajtHaazoepwTSYWJn321zA26OUjybHXw2nn+NbDWpIdY0CSKRe8mnhMO3yY9D9Ov0rDaV2wutNYQ3fcXFq/vPFJH3iNt5B2nxB8RyKtp+1nZyV0u4W1G3mYnfDEYzED6byrU3L9qpfsLjHm0zTfoz1gXWnrpd5xfaeRA6nqdpxn18qzH6YbpJu2ske7i3toosevL/8A6o3sxP2eudc7+fUokeXGwG4WNt32uDw2OODz45wKxPay/TU+0upXkLM0ck5CEnOVXCg/UCuhjtpNmFJb5V0AGRPOmNL5VHXKduGJIYyDk+fjSKgksB1NPoqEWAMZuZbkIc953MSkjjjGWGeevSlOMey1gRJ6ZJ+dNZQy7SOKfz4jnxpUKRCPulpVJiuVXYg2wuwaYXlv7KrGYthQvUk8Y/Grm0jvZyxFxGklv7pSWTa468AdfpVFGk2FZFcMvIKZyD9Ke6XrOS8c7SMdxYglifPNZ8LaTS4Gzq+TZRWeo2ptotQhjeykzJFJs5fcqn4vEYI++rb2LTl1BbQLo0MO3vd887AofJsDg+Q+VYfSPbhfJJOk5THJfOOnFFdpLOe51aaa2QyRyleFOAMADP4VWTTnTfsSrjaNFqeoaXZWLi3gsruPeFdY5NwBODnBORn0qhm1vTZD72iWUm7xfORVZHp11hkOnoXI+NpCccEef1qVdP1EbNlvApVWUsQOQc9cjk89fl5UV4qp8/qH1ezC4u0FkkQVNF088E5ZS386u+yeoxavrUVj/Q2nJay5MpW36oozzz4nA+uazc2m6tcnM8yE+uB92BV92Rh1CDtIl3fTmbMbKxZ8n4ePwApGqlijgnsq6L4988i3ts9QnuFxvY4wN2BU90yXOnyRq23v4Sh+o4/Ks/LICqhmy2ASflUtlf8AtNsyxkFgMp8/968V46qXwdDLzweMTN7JLLayRgSQu0Z3L4g4P8KhlMfBQICccBsnpW27Z9l5L+ddZ07YFlA9oRz0bHB+owD6iszcaDdW9q007RERLk7R0Hr5mvcY9bjz4bvn+zlqDjIqbpiD3YPgKEb7Ljj5V2V2ySevlXbVWkIJ6Z8qskRvixRd0CVO7DDGMYzVo1vb90jDULfJXJQK2Qc4x058/oaktbCW+3CBU/VjIZugNP8A6t6g37cP7x/KmxyRhw2KVy5Ira3sXUe0ajsJUkKkLNz4ZNTrp+nuFaPVGlCxs84jtWzHjODz4fCM+GaktezN/wC0xia4gt1JH64MW2c9cAZ4GTU7dk3VQU1ONmaMMR3LAbiGJXPoQoz/AJs+FF5o/wDRZRKZLVpSRA6SEDJwcfx605rbH6qMGSV1XA7sgg+IH5+NaB9GvLKwiFlq8kk4Y/qhEyLEGUhsEkg54HQVVR6Vq5dJDKI5FxtJY7lx0wQKDzq+wqPBAdLu4ZxFcWzB2TvMbscbcjn+VMs0iMEwe1aWQRllYz7NgwRnHjhip+hHjRy6XqiB8XrZZt7AFjlueT95++ibezvO8231rbXUW4Ny2wjz8P5VXzr3ZfbG0Uve23+B/wDualV7/VyH/GQ//H/6q7R+piL2P4J1kl8JQB8qdvuCOoYH/NRBRcZEXy92kGResY+eDzVOBVkG+46AADyzSDS5+AfvUWnc596MCng2/O3AoUiWwNTJnOB+9Um6Rjxj96p2SPHU49KaqQ/tNxU4BbGASnw/4qBfXoNM1JI5e83L1ZfexkeXyq0S2gYgBuoyear7jZqSSolhCId4ENyWA2qpIY5PJz0GKrKMZJxYyEqpmutbmG/XfbzBo3Q7WHOPMffUtpE1sWZOF3ZHof8AsfhVFZu9qQUkhCqf7NBncPnnj7jV2L6IrlpkCS9ORuU/L515vPpcmOW1K0dRZ8cqdlvJH3xDqmbS5ixIFPKv4/Lx++vPe2cE+lWk9vMeCyhHz8Qzx+ArW6H2kgstUOnPMn6wb0ZuFP8AvzxVV+liTTbjSoS8yCZCTDsJJB+wR5HJI8uatoZ5cGfxSjwxWaMZK7PKBiWY54Qc/SrC2QzSpHHjczADPFCWEMU0NyHZhOqqYhjhuec1admLae6v4nRCY0YM744GOa9LHgxZOjT6fbvZW4iTb5sfM0b3koxl159BT2t8tkgbvSmGAcDeAR6UKT7M+4SsWYLvWiFjZ1yroT5E4qH2b3QQVP15qVIiQCH9aq4/BN4u5nH7cf31wRSj4jFjz3GiFVtuCWPoQCKeE8GjAyMZNVaJuAZbaWTOWC+RzTDZyqPjQn51Z9T8BGPKk6sMspkXjpxURGyr9nn+2lKrLMv2h+4KVSwWCiP3c5J9DXChIAB48eKjWceQz55xTgWPRo8Hw5pgRFDkkP8AXFOUSDABGPlXSrtgFk+YJrvdlf2gTUoNnQz4xhefSnKpPRQB/prgTHAbkea08LITnPjjpxQJaGGHquEwfAqCKkihCDaIosDoFXA+VcO9OqfM5zSLOfhRh9agL4H91kkNEnHJGMUu4QnPcRg/6cYpolmYtvjcAdc1IJXY+6M58zmoAFvrW3EIMdugmkIG4LznGKE7W6aLrQpxHFH3sI7xSMlsDqPuzRkzu99Cox7g3Uakh6MBt+fGKpCKXJozzakvwPKdBtYbvWLW2nLCOR8NsbB9Oa9Tj0+3t4+7jt0jXPUEjP49a8u2NpOv7MEG1uB0PgDkfhXrDTSk8EH6imMXlu0QiyiHwwrnx97NSLEVIwvBz0PlTTPIOq5H04rhuplXgDA8cUBJIsb4Ge9wOOMUhHuzy/PoKi9pnz8IrntM452qc/hUoFkjW4Y4JceoFM9nYHPfSfXJrizTEYCYHzpNNMeuDj1NErYwwydFnkHyA/Kk0TsAe/OfPaPypyySDBMY+ZNPGcAHao+dQlsh2zf4tvuFKpvd/vR+FKpwC2U3tIHTikLk467T51wAGdQQMf8AKlgAjgdahrHi5ZerZ+lOF4eoYfQVDIAJcYGMD+FIAbU4FAlIJF/gjJXP2iMU5b88qMc+mKrwP1S/IVEP7THh5UA7Uy3/AKR8M8Z8qet7E/X3c55qpHQfOmnx+n8qhPGi69rTGS4yTzg0Bq2rxWFjJMFJZcYwcDk/71RXbuAcMw+tV187tpU25mPHiagY41ZrtM1OG8hkvoo5yqgI+2MsFHBJLDIXH31Z293FP3y2s0LtCpLAyIvTw94gZzxivOobm4tNKt2tJ5YC4AcxOV3AnnOOtWFxHHc3U8lyiyvke9INx6eZq23gklulbBNes3vbj2y5v7KCdwDJEQU2Dw5AO4/KtnpN/FdafC3fJcFRtaRQV344zg81ivZrfvWHcRfuDyqwsgIu77oBOnw8eNGiuX7TYBx4LnH4VwKW9B0Azk1y1JMceTnPnUxJ3Rjwz/KgIIjGCMnp5c9KQQcAjgCngDa3Hgf4VMANp4H9nUADgYGOR5YJpFsfskjjnJ5p6jJGfOhWAz0Hh/CoAlMygDJA8+RSErH4GHlxUSgEJx/3iuuBuXj9qoAl7yT7f/AKVP2jyFKoE//Z');
INSERT INTO `moviedatabase`.`media` (`MediaID`, `FilePath`) VALUES ('6', 'https://www.google.com/url?sa=t&rct=j&q=&esrc=s&source=web&cd=&cad=rja&uact=8&ved=2ahUKEwin1eWV95KAAxXnTmwGHUvJB3AQ3yx6BAggEAI&url=https%3A%2F%2Fwww.youtube.com%2Fwatch%3Fv%3D0pdqf4P9MB8&usg=AOvVaw134yzBou_gk_OvP6C2jAwl&opi=89978449');
INSERT INTO `moviedatabase`.`media` (`MediaID`, `FilePath`) VALUES ('7', 'https://www.google.com/url?sa=t&rct=j&q=&esrc=s&source=web&cd=&cad=rja&uact=8&ved=2ahUKEwiFld6w95KAAxX5cWwGHUmPCrEQ3yx6BAghEAI&url=https%3A%2F%2Fwww.youtube.com%2Fwatch%3Fv%3DM-RKwp8i-RU&usg=AOvVaw0Y73m8I0VkKQ4tsqMj2RPV&opi=89978449');
INSERT INTO `moviedatabase`.`media` (`MediaID`, `FilePath`) VALUES ('8', 'data:image/jpeg;base64,/9j/4AAQSkZJRgABAQAAAQABAAD/2wCEAAkGBwgHBgkIBwgKCgkLDRYPDQwMDRsUFRAWIB0iIiAdHx8kKDQsJCYxJx8fLT0tMTU3Ojo6Iys/RD84QzQ5OjcBCgoKDQwNGg8PGjclHyU3Nzc3Nzc3Nzc3Nzc3Nzc3Nzc3Nzc3Nzc3Nzc3Nzc3Nzc3Nzc3Nzc3Nzc3Nzc3Nzc3N//AABEIALoAfAMBIgACEQEDEQH/xAAbAAACAwEBAQAAAAAAAAAAAAAFBgIDBAEHAP/EAEEQAAIBAwIEAwUGAwcBCQAAAAECAwAEEQUhBhIxQRNRYRQicYGRByMyQqGxM8HhFSRDUpLR8HIWF1Nic4Kjs8L/xAAZAQADAQEBAAAAAAAAAAAAAAAAAgMBBAX/xAAlEQADAQACAgIBBAMAAAAAAAAAAQIRAyESMUFREwQiMnFCYeH/2gAMAwEAAhEDEQA/AEa3YoEJ6c21UyOzazHyjfbAzXUkPhhf8u+9VSwyLfoquebbc9a5aXel0+jeJvEZo5N48Nt5nBwaz2zDkGUGSMjHUb1fbxhY05yWJU7kelV2wPhoRnbpgUmLDZZKGQruNtzWtZWOAxJU9cVlhXOepAO5x3rbHGeQGkaG0+YkbrsarZmkfLnepvnpiuFMHr8qXBkymQY3WqUyZQD61vKBo/WswTlnGelNIMg8nLFysdn/AE2rbDI09s3iOfu0ND50Lxe6uSprdEiLYTlX/An1zQ0jF0zBpzgLdczlea3cD/zHbasd0FFrASGOS2d/hiroCV5wNsowP0qi9H92gA7M38qt8hXoo1pmN+jHJBjXfNZ2kKsQM/WrNYGbiFjuTGM1mkzzmqIQOQR8xcHoAelcaAtdKjPJ7/KM82+D61psUZp5ExglTvUyA+o24zsOQbfGkoxei0acIIi4kmcoufxZWqrK0E0fNmQHGNnIFHJTixdSRkAggdxii/2ccP2vECzw3Ek0XhIG542BznA6EbfWpxtaM2kKENshGfeGG862eHsCG79KIWtpYmeaKdrmGKOZkMoZZMDOMkcq0Wk4Yms+ILPS9Q5uS5kVY54XGCCfxDIOfhtQ5ZjeCy0fvDbBroh2JA79aYOKdHttF1t7JDc3AVFbnaVVJyPLkqi+t9OitrS4sZJ3EoYTRzFSY3GNtgMjB60lS0CroELH7hrJNHmUAHJPanXh/h99c0vVJ4xyvbx/cKPzv1/YY+dJ8mFkVyrEAZwDj9cHH0rUnmgqMirmVk8xU5IyI2KHYrvTVxZwzYcPadpWqCa9nN7jnj8RF5Byc23uHJ7b1LiHhT+xrS1vre6NzYXcWYy4CupIyAe3T9qZy0amm0IcYw+3dSP0qF4uIbf03/WiMUaGYB9sow288Vm1BOWO236g7eW9Ox/gF6yPvrcj/wAIVV4XNua3a1FyG2xvmIfzqk+7t6UyYlB3R2MmqRlwAHB5sfDNZ35luVKnBUjf/wB1T0aVmvbYnrsv0GK0rp93e6lJDYWs1w6+8yxLzEDm6n03or2IukbpWcQMdt1OTTl9iZX2i+X83gqf1pVGn3tzaez29rJJMH/hx+82Mb7CmH7MJm0TVL2K8trk3DRrGbeOIl1IwdwcdiKzjWML9Ai1XmGpjqfaH/evTNSRWtuFHkH3y3MIHnum/wDKkPR7FTqd5FcJPIXuGPs8SYkbckqckY/XFGJ9cuLjiG3n1O3a2SzkUpbKN412J643IxvWpYLXZs4jSxTjlJ9QiZoh4XvCQYBxtleXpn1pFkjDOeUcxJI27mmjie4TWtV8ezD8sqqiKQCzHpsAfOoPaWtjYQ2qpce3GXxW8WHk/KQoUE52O/qancNtmrolwhetpPEcCNIgtpVFvIOcYznY/wCr9DQfj/Rv7L16dY1xBN99FjsCdx8jn5YrkUbxy8jKysCQwYYIPwpg4m1G21/Qbd2Sb22xVTLLye5hiFO+e5waJ7nDX0yH2lrB/wBl+HBdRzPHgZEMgQ/wvVTWLjoahc6BpeoLNC+jvEoto44yhiyoxzAk5OBjOf3rnHms2OpaPpVnA0iSWgJbnTAbCY2Nck1OC8+zq20SfxLW8g5PC50JEqhtiMdMg96r7bQ0ppJiI+WVGPXGDUNSixb2kihgCCvvedaZLG8haKGa2likbJWORCjEA4zg1q1zTbqy02ya6tXgIkyVlBUn5HelzsemBOIiS9pnc+FufmaHz7ybeQotxSczQNjACYH1NDHGSPhW4T0IaAcXVuSf8QD9aJ3N/Np19fwW0nILlUhkPQlMqxHwOMGhfDrL7ZDzH/FG3zpw4e4cHEXGs8DgmztpFluG81AGF+f7ZrflC6NHDqLwdwfea/dIPa7sYtYm/wAp/APn+I+lBvspeW54sN3cMXllSZpHP5mPKSfnvVX2h6+dW12Wxtz/AHOziaOJV/xHxuR59gPh60d+zfRpNK1S3F1lLmS38ZomGCgYdCPPAFN8mfAPhmltuMNcmt3KSpcysrDscNTNrdvFxJo41exQe2wKUmjXckDqPl1HoaW+IPY+Hr3VtW1iZkS6upEhjjGWbPMO+3etXBuuQxldRsDMbKY8s0ckZU4zsR2bHpnypVafRrlpaVaOudR0UjoJI/8A7DW3j8BuICDgjwU2x6tRC7sreHiqx9kAEBaOReXcbvzbenvVk46XPER/9BP3NFfxFXs0aRax61wi7zYe4siyxyt1CgBuUnuMHFT4VFpIbvR7hU/vsOc9zgdPkCD9alpJXSOF5LeU4ur0s4i6MFKgZPlsP1FK2oalJohg1XIL27mRgFG47gfEHHzrMSaYL5Qw8P8AC8EutSTajEJP7PPuofwuxzgnzxjOPUV5bqNzNd28t1cOXlnlLux7k71P/vP4mtJ5LlWQxzOCfFj/ABLvgZGM7HFUtKk2jw3Kojq7khHJ8vQg1j9LDojd1llzfz30OjrcEt7KPARyc5UPkD5A4+VPP247jSvg/wDKsPGvD9homlaE9pa+HPO6+OGkduRsKTgFtt8+dbftwII00d+VsU+NaJTTaw854lKlrYLjPIc4PrQsqWCldxiiHEXMTa88ZjcR+8pO43rFEfu1+FZgjLdJYRzxuTjlcGj19qWoabqN4LG/urZZJl5hDMyc2w64O9LlkeV6OawVku55ARjmU/HYUP4BI13F/e29xFJDdTRM1upDI5BzjsR8KYuFZdS1RZP7/eNeMwVZjcPz4275zilvUEBsdNmXJ54WU7dCCf8Aemrg25GkaNe6o8Mknh4EaJ1duXJH7UnJTU9DRPk8FXjPUIdf49gtJWLWVmREEdj94QTzH67nPXFeg6DETYzweJI8UTgoPDCquewHX/evG9AvF1PiuS5uAFkmd3XP+Y9v1NNPA2t3kPEWqq7tJbA48JmPIu+BgdjtSynKSf0ddSqnEPxV441CySqy83IVkYFfLv8ApQuWW5M/O91cNIF2dp3z1885o03hXcQntCPdOJI87r/ShcNv485ycY5gfSmddacbhzWMlE7yW0fKZAR+IhyOc+vn8awcUaVJq1nDaxNyeLJjmOcb9jjtTHptqTiJQG5ehFBuL9bWwf8As2w5UvUAZpCo9xuo5fX1rE2+zH0xT1JZp4Fs9RuokiWB0lAtiOZ/y8h9Pd+h2rNZrdWPD1oyNIPDOY5TGRjfblJGR8qHo7M9xO5aScZyWc+6SNjg9wNgarj1Sa1JeOWVEkAxGHO+wG46b43FEpl7tYmH5vGbSorn2hvaA4POzlmbOcnPc1i1G/1K90y4F/d3VxySJyGeVnA69MmjenQprKWjwJ4CpGy3AVfwEZPMB6g/vVPGt3EqLpsMAURgMZTjmOTuMdvWl/JlqPsm3q0UdUJe2tGLlmMZzn41mQEoK1akuLK0zuMNj6iqIh7gq6EIwAh9qJkeOyRl1UvMo53OFHTcnsKHQ7SdelEZ05F5VOCxxgd/P9KVjSP6cJLcWFlbNeHwoCzPOEGGDYJA3+NNumi1tYxp1raeHZohbLEHmOw3z3NeVaRqd5ZWXh2txJAFZm5kUt2xjHem3RLyXUIrW7Goe0SRyEXSqApQEYHMpxj5+ZqKd+ST9HZxzx0/owXPAmnJfs0UZbml8QyKeRoz1Iz0x0o3o2iafZtcm0RJJZW5pJW/CPhjr8j/ALVp4p1jStK0r2uXMq84URRnLM57DIxkdetZdIuUvJ0aO3nA2PM7567Cu7xlP0WWOdRRYtc6Vqk1teCMhvcDrGATkjGcelXW8E7SsY05uboQ1ab4DUeK3tYpW5rbBlAGOUcuR8d9qIf2d4bfxT8zXMpdJHN+s5JbTXvEXafD7LEWVTzd9680+0GDPE184/FKqyJj8pKDp86f7kPaoSJSx/KO1JHG8MuqXWlCFC17cxOhWNlBPJ1OT5Bh/wA6ZbxpHHKdCPBqK3lujNs5BDEfUVdY6JNq7u6ymGGDfmAyS3YYrFLpkmj3zWk6lCCCObGCOxG9MOjamdMZoJ0YK5ZW5BzdcYP1FDf0H9lnCmsycP60ILxHJkzG6qSeZT+YY6+dauKbKGFxc28UgEoJZiWZX94EEE7Zwe1GrWw9t9nvoYA9zac6l1YZaNgCMDv6fOruOwk3DtndEAS4VfI75ySPUio1K/KqRRJeGnnOo+9b22+3vfyqu3GYxVlwhaBDkYGcb+tfWq5i+ddQgattHhmVZEz94GHKMkjc4I/r51Ze2sB1OOGN25I5+TmI9dz/ACqWn6lLZRx+IpESRH3lXoc96ufw5rozqySRmcuQu/uk53rjmq16/wCjrpTi8fYRttImEEhEThQuSQM4Hn+tGtEsree3y0hEkYYbKWIds4YjuAFHXzNCrSPwyCqHl8gxx6Y+FMSRj/s3drFGni3heOLJxjCEA/U1n6V1V4xuZ+M6I/FKifUHNxLLeWsZEUT55WDcql+UdwD2PmNxV/CijTdUSfS7yO9jjYJJHzmMqpwc8jHfuOnY4pQ1a5vbu6UWJ8dI2AUAHLMeuF757fKvSeEbKwm0eO4IXxXjbmkwc/Davb4lL6R5HLVxlMcNLtJLe3lnnRhc3chnlHdc9F+QwPrVsmf8rfSrI5mltIZHwWaMEn1xvVBcZOSfrXL4+PRZ27/czHfQvKnu8ysNxkUkcRXHsenzzNaCeZJ1AkyR4Oc5Ix8hXoaMoPXPzqYs7Se2vGnt45A0JDBlBzv3pK4/Iabcnk0V7ZcUWEsWqBIZrdl8OYsMtzA7rjc4xuPUedC/Y2XUhELkXIVQ5whjBHrnYDzJOK16gkNufZ0MimOZ2hWNQAeYAH1ycL/p9a2ez6xw7f6fdalZ6VChieLwiviNMnU8y7lmO2+4+HSkaUNJlf5zvyaV4ovLTx7WTT0uMryMXRMhfTl3IxjocYq7xbviHTZ7VLZ4jEwlRZCcHO2xY56dvT1rMtlNqtvfatK/s+EdwluAqgLsFCnJGwH17VzSILs2ytaSLmOdRccx2KMCDt3weU4qlysp/KJLkWLrpmq74TgS2gjDXCuADJmLPNv2wdv17UqzQJBNIkPN4Yb3c/SmTUtT8aVEWd5YooyjhTyKWBzg4rBcLHMIngkVR4Y5gwIOfltXBx8lb2WT8kXXhaSNhCqtE/8AFwoJ7Yx/zqaxQwXcc2UtzF5FcjbvVml3sOUHhmbw2yhD8pGD1zjemQXxnZfDkQsw/C/usPQHBpZdT+3C2TXelVh7SFV5EfA75329On/OtMd9cLaaUOYR86WcgDsuViZkdwcHYnZfrVNgIbGETXsayN5H3vkowP27gd6WOKNRmvtSls3IeaK6HLCgARWCnOD3I7n07Dauvh4nNeWEbtWs0yaJpmiRWmm3kt7YC6Wfxi8rYjljH5cMMDBXOfMGmDhtU0uSezmtZUYP4kSK2FEbb4/F0BJHQ9K890i0WW+bS5xzhZIYcn8oLKTg/AnavQtUtVtdCvRZkwzabJzRAH/BblYgd8DJx/0mrxfjWk7jyWDtacr6ZbsvkVxnOME1mlU56sKDcG30kuhkTzPKRMeVW/IDjbPUjOaJyTA9qevekJWLCYBH5q22/M1ndqCN4up2AGd6GJMCcb/SpahcTw6LeyWsYd/DAJZwqoCd2JPbasXsYR7TS0v+KbWBekcgndumFG/67Dfzozxn4Zvj4gBntkR4jJC3hsGV1ILdNiwOMj8PpWD7Oy76xqVzLL4mI1UuR1LEnb/SaIcTRpe3+tJISRb2EEiqXwMEzKT8cE1PnSb3CvC2mDtIudP0vh+90trpryQxv4bwwsEk+6wfePQBhv8ACgFtc3Wm6JdyDAnaaADzUglv5CjHCE63GlLEzAeDCSi4+7IyqnmXvvMx+R9a+sYLabSGu35bmOedzzHfwyNht3zkjr271XlexT+/+EpjaUiTHcTe1csXMHYlnaMfiB8zTJbxSxwoJpfDYgHlCBu3xFTubG2smZ7UFMt7uRgny+VEtJe0W2Pt9jaXUpb8dxdKjAYG2D2615tUt6OpT+NYKFhbvEv31rKoGVwgPqOvypu0aaICP7mQlRgB1/D+lZoUAlOyE5yGP6j+tGIDHEAxCZ9K6o4u/Jkb5P8AGQjCBJeQNJyIkR5+XpzEbDPpkk/FBXn9lrNzPr2ouLWNQollMkCKHXB/FuMncjPfFN1vqPNOwXGwx/8AI5/mKWPs/hMGqaxM6KCJfDY9SG5izD9quS1rsDSX/g8SLLBGJsypJFHH1mKjbJ89j+lPmq3Yu7S4eCOVXl09oiGwFZmdVUHf8WWb6nPlStdaRBBJJeXNrLEBqUcfP47DmhchTgA4G5Jz17fAze6tDbT6Jpt05XkZZ7vCMcLHkRggA45my3wApfEp5HPs+1CUXtzYTbFYzkHqGU/1NOzDPlSIYJNP4+DowWK8LSKezZX3h8c/vTa0239apTT7JJNGrDKdht8aq1pPG0C5j5QeZkG52HU5/SqPHOcjI+dSvGa40dxIQIxIOff02FE+wBHAGCdUkGSpeNQcdQA3+9Gp7CS/1W9hiQN42nqGz3AMg7/9X7UP4XlWGC7KD3HuW5SO2ABRC81g6di8FqJ5F5go5iDzcpxgjpk4B/pScv8AopxvvBL0KeO10218GMGSS4axkRSdleNsknfGCqn4mjlhoWowXE11LqzPFMpItolUR7+e3b0xSXF7bBNq8sGIrCDVC5HVleORCRv0288jY16PaXcUFjBDzeIEjADNjJ29KZvyFeysFzVoZbdg/iNjuUwW8+hpXvI7mW4d/EO/nEp7U7apdQOpBhBFKs6WplYiPAqT4JZv5X8hOB5hvzJU5LiU+7y7/GsHjSKNzUBJIWB5qsIEbGdLTUonveWO2lcZkce6jHAOcHYHA37EetEbi2ht9Wv5tMik8CeXmbEbYL43YZHQ+m29AXEkqMmSysMEZ2ND30mM+7zTgdlWZwB6Yz0rMNDOt6nbeyyWXgte3mVcWkJ3UqQwLnooyBt1PSu6FBY3ltHqVwUu7q6zNJcOd3bYbgHYLjAHxoTDZtap4dqZIkO5EYxk123tXtf4EjRcxy3Jtk+ZowwbL06a81ve30iRvA3LFIXAAJPf9Nq7JMnQcpz0IpYmSW4j8O4maSPmDcp8x0rvtUsQCg+6NgKEsRrejGsm/UfCtNzqK2ehX07wSzeHysBGwGCTjv8AH9KWE1GZN+VTVt3qF1eWotmMKwY3UR7sfMnNALPkJ8Kag1zphdo2jbxWLZ3z5YPeu3V7qtzdSWsOmfcBsxzs4GSMEHrnz2ANYodUkjUKYIgqgAcm1aE1rkZX8AZU5B5qx9mp4zJHbpcQcUWcGQbtjKCxJy8keS31ohp19Hc6JYyMBzNbITkd+UZocNTWO/vrr2blF1IHCRj3VAUDH1yfnQ/Tr0Q2QgnjdSjuF93qvMcH6YoRj7CtzJG/VR9KHukJbdTn0NQa7hPn+1RM0J6Nj5UxmEycjbrXAfIZqtWJr5TQBqV8Dau5zuKz56YbA8qmpwOo+VAFxIC7EfSofiNRcgjY5qI69KAJFhv72Kyvltyc/KrpMH8tQMeFGaAIowzv+1aY1884NZsCrQ5VcUAaCq9q5g+vzqoE8ma4ZHU47UAdbIPT6iqnU9l29DUpJGyCAcVwS56mgChkx+U/UVSTg7IfpWsuvrVJYEk8xoAj4jgdB1qcbH1qpu9WCgC4kquakrt51Af/AJqS/wASgCbMOz/LFRVm86mR71Rbp86AOO+1cEmQQ1Qm6io9xQBIPk7fKpCbfBx9K4AMmoN1/wCedAGjxQFAFdMoPUVSPwV83WgCbSKVIIGapZgAdq44HL071WvUUGkmxgmqVx/mq4/ib4VQAN9qDD//2Q==');
INSERT INTO `moviedatabase`.`media` (`MediaID`, `FilePath`) VALUES ('9', 'https://www.google.com/url?sa=t&rct=j&q=&esrc=s&source=web&cd=&cad=rja&uact=8&ved=2ahUKEwjT4NbQ95KAAxXrTGwGHQ6SCx0Q3yx6BAgPEAI&url=https%3A%2F%2Fwww.youtube.com%2Fwatch%3Fv%3D7OIFdWk83no&usg=AOvVaw1hYHWI8IYjRh0rlA95TRa1&opi=89978449');
INSERT INTO `moviedatabase`.`media` (`MediaID`, `FilePath`) VALUES ('10', 'data:image/jpeg;base64,/9j/4AAQSkZJRgABAQAAAQABAAD/2wCEAAkGBwgHBgkIBwgKCgkLDRYPDQwMDRsUFRAWIB0iIiAdHx8kKDQsJCYxJx8fLT0tMTU3Ojo6Iys/RD84QzQ5OjcBCgoKDQwNGg8PGjclHyU3Nzc3Nzc3Nzc3Nzc3Nzc3Nzc3Nzc3Nzc3Nzc3Nzc3Nzc3Nzc3Nzc3Nzc3Nzc3Nzc3N//AABEIAFwApAMBIgACEQEDEQH/xAAcAAACAgMBAQAAAAAAAAAAAAAEBQMGAgcIAQD/xAA+EAABAwMCAwUGBQEFCQAAAAABAgMEAAUREiEGMUEHEyIyUWFxgZGhsxQjN0JzQxUkUmPBJTM1dJKxsuHx/8QAGAEAAwEBAAAAAAAAAAAAAAAAAgMEAQD/xAAhEQADAQACAgIDAQAAAAAAAAAAAQIREiEDMQQiQVHwE//aAAwDAQACEQMRAD8Aufbj+nU7+Zj7ia5qRuoV0t24fp1O/mY+4mua2/MKOfQLGkUYSKlln8usIw8IrKUfBSn7GfgWZOo1PE3d3qPAyaniD82jYCHH9Oh/3UQf92PdUA89JY4aQgdNQT1HdsdTvRcLGnNDPI72SEp3Us4oWMkkhxbhKCVR2VFJylJO1SOQ5SATKjrC+Stttuv1q+WtllMZEdlSVd2AkgEGi5MUBvC0eH20l2VrxLDVjwZ8CdOFgb56UGhCCdR65q6XW1xVrKi0EqxgEdarNyhd2nLQ2T6daZFp9Cb8eCKQncq+FBtnxUydTkAdQBmgVNlEjSR1qmSS12eKGnFZgYUFpOCKkcQDHUR5k1g3gorjvyFqWHAFdTzoR7zGpIx8yT0rF0bmuXsGgUjNe19ivqaKOkO3D9O5v8zH3E1za0k6hXSfbd+nsz+dj7qa57aaATmlp4g80kZOkCvJKspNYE6TXwOsgUAYPipopwvNSrawnNeNJ8VboKQcpzw1Cl3x4IolhkuV7IiaNxQDApqQEsE/WsLZLbVdWFvtd4ylW6cebY4+uKFU04tvCdx1FOeFbb3s9jX0Jc+A5fWgrEtY2NbQ1tl1jouiUJiGIVjUAk7Y2O4+I+dWe/Te6jJAXjWM5pe5a4jZEhSdK0fuzuR6fQUquswSlpSDsNqmbTfRapaXYBKUyhZckvyykbKWhXhBqFQacb1R5BdSeaXBhQp4uBHetK47pWdZ1FIx5sEZzz5Gkkm3OpIKRpSnYbdKaqloU5pMROtJUmSRsU4wPZQEhGQknzJ503npDbhHqN6TvKPeEncGnx2TeREYXjUFclbGh2l6FaT1rNzJO1QrHX205IQ2GMn80e0V451zWcNsrdFGsWmdOUpMKHIkEcwy0pePkKB9M5rRKVb19RD0N1l1Tbza21pO6VpII+Br2mckBxOiO2/9PJn87H3E1zwhw6cV0T21jV2fyx/nsfdTXPiWR7KAMHJJNZIKgrOKLQyDUwig1mnYwNayU4r5vNHph1MiEKzUdjMILukjNES3woYrwMBB5V65F7wbULQa0ztoDjgB8vWrFw66j+1gjZIUhSED6/6Urhx0x4xOPEdzQrU1ce4xX0HCWnQSR1HWkvtlMfVJl94jSv8AAq7hsrIG2OnrVMc73Rq7taXeXdqG9W6bcXDNVBisreeCNRSnnjPOlM6WtL2qXFWwvA3KMe6lLSulvejNbRRCZWsaVFAyPQ0jmySNlnNGN3FL0VSc6kJ6jpSSeoqcIrlPZlV9RZcj3g1Ckhypwp5gCnzyRoJPQUqiNFbji8cwcVV43iIfJ2wB0eEEdajbGVb9aKlEJbbbIG2SaHjArUSkZ0nOBTk+idrsbWFKXZqUdcbV0xwdb49u4dhtR0pGpsKWoDdRPrXL2VxXkPtKxvqSR0roTsy4nj3ayojrWlL7AwUk9KXvehtahxeuErReJv4uZGQp7SElWOeK9pPxPxq1a7n+GaIUA2CT7cmvqFtGpUYdth09n0s/57H3U1qPhHgyXxVGL0K6W1l0OKQIz7pDpAAJVpAO29ba7b9uzub/ADsfcTWouyK5wbXxuzLuUtiLHEZ1JdfWEJyQMDJ+NNwVo0i9nk15+Ylq+WZTURCFuviQS2nUVDGcbEafqKAv/DlysD0ND6o8pucP7o9Ec1odOQMAkDfKh86acC3+12jh3ikTfwMl14oLEGUsYlYKtgOvSrDKu/Ds/i7hyT/bFqi8P26IqQ1EC0Nlh4Y8Ck582SkgY/Yr21hulV4s4WufCiIrlwWw43I1AKYUSEqABwcgb4P0NFzOELlAkXZh5+Ko2qIiW8UqVhSFa8BPh5+A8/ZTe/8AEHC/EPCV7iR7w+ZvfmfFFyKGiVn+m1sMjAIwcnxU0uF7sN0v3FTSL/bmWbhao8ZiSt5JbK/zQQDnfGoZA9a7DtZTbJw1KvsaXLanQokeIUpdXLcKANXLfGKNt/CUmTPkw490tboixkyHJKHyWgklQxqA5jTk+winvC8i12KBeYCOJbE49ILS2Xn1BTJ3OQU53IA9eoqSDeIcS431+bNsk3vbUlLaYqdDD6gXPy9OTknbPsUKzEFrKrxFZLhZGI77z0SRBkkpRJiPa0FQ5pOw32PyNV2UUpbSQPErkPSrfx7codxs9jZtCoUeE2FOPW2OEpVHePMkDpurfbnnfIqotI/ErWo/4T8BSmkqHy25LXDQu7QINzjrw/3WhRScHUkkHf3g0Fcok904kPOKSOQKyeXKpez+W2mBIhLKe8YdKgnP7Ff+80xujyVLURypFbNYi2a5eNaI4LDUOO8kDKnPMTQbqhqJNSypQClAbmlj7533+FFKbYmmksMZTg0lOedZ2yN3kLX1yaUylrXyJo20S1ttKQTgZzimuXxEcly7FdxbU2rBHIY+tCR3FMuBafj7qeXRoPNrUnzAZpGkblJpvjeyJtZWjDvW3EbjKVc/YaLs90lWqUHojqkKTscHmKTN5Tz91FIOGcqHmOE1zRqoskmW5MeL76ytatyTX1DtIw2kHnivqE7WXvtI4ok3qJceH5EdpuOJOnvWydfgXtz26VrdiwIU4EsqfWvolIBJ+Qq1cWf8fuX/ADbv/masPZLclR767A7rWiWjOrq2UgnP1x8q2m0ugJWso73C8yIypySw8wlKQohwAKwfZzqKJw5JupdTBZfeLKdbndgHSPU1tLi+Ip1bjLl0EqStKkOEIx3foNqX9kgCJ16DyCUpiDWkHBIBORUvxfkV5aua9plfyvjrxTFT6a/v0a8jcNyXYC5zDUhcRCw2p4AaQo4wPqPnTNXBt9hNKddtU0IRupRaJx7dq2CzIs8ns3nLsMB+FFE5oKbeXrUVamt85O2NI59KtE2NfhxoxNald1Ym2P7wlbo0k4Vnw/8ATvtyqwi00I4cJK+iRmmURIWhPoUg1jxO5FfvF0dg6fwy3nC1p5FOTuPZUcV0JbQc804oWMgPcZRhSsAYFKlOIbSVJ2G//wArJ+a47qQlOB1JpVNfCUBOdup9aS1rHy8QCuS8zLLsd1bbgOykHBrY3A7SbnaC7csvrLigCo74+FayILjnhGSo7VtjgxkxLW22vY4z86LzZxw7wbzbC5djt/dK0RkJPqOtUy725KHcNgJFbBfcSEEkge+q3co6VuEqPLekS8ZTSWFRejNtMHPP20GlkhBcSduuKY3D81ZbR9Kj/DFuIsA5IGR/rTuRM0BBZBAPpv7c0umthDuPXlRkZQUsqV5QCaHmHW1HWB0J+tNn2KvtA5TghKudHW1lCpSESM6dJKRnr0oNCSTvurpTCOgqmNg/0hv8KJgIbMp1IyfdXtGxGPyE5519QBYPu0ywzrEqbeX0B6I7IKkqa6a17A+h3qi2ni562zm5kBpxt9GQlRIPMY5Vu/ty/Tmd/Mx9xNc1xfNRuU0LTxltm8Vz7g6pyWp9xazlX5gGflQX9vqjaiht5Grnocxml4oWZyoZiZ9I2qqvbHTd/V3ZQlt9LZOSkO4GfXFTm9yJSChwSHEn9q3sj5Gq8z5T7qcWZlDxWV5OkZArX0YlrCS+682oJjKAUMAlYr5chbRQyFAbb1Msd1IKEk4wDv76XSDhxQO/Tf30KejHPFBiHS44GQd1gnb0qGRbn3nAE+VPIVhBV/tVtOBjQf8AtVjaANBX1YyFq7F1ot8eK8FyElSs7ZG1XS3TGwNGcYxj3UlaQk5JGaOabQk7DGwpNNv2VRKXoYmYDNLJ21ct6jvWlqGtXNeOQpbuJKFZ3FHzCVsAq3NCgyns7JcWrz9BURkFCHQv1BpvIbQNZCRkJNKJ6RpJ/wAaQD9aYu2T0sE6lhpD3qtRA9xqBx46kp/aBgCjnGEZzvQcpASsYzvVMk9JowCyFhaDhQ5H0pjbJSQlxssZUd9YOSff60C00lRUTmnlkjNpaed3JQnIB5GurpAyuTweQjmMgivqEcR3SilBUBk9faa8pXId/mz/2Q==');


INSERT INTO `moviedatabase`.`movie_media` (`MovieID`, `MediaID`) VALUES ('1', '1');
INSERT INTO `moviedatabase`.`movie_media` (`MovieID`, `MediaID`) VALUES ('1', '2');
INSERT INTO `moviedatabase`.`movie_media` (`MovieID`, `MediaID`) VALUES ('2', '3');
INSERT INTO `moviedatabase`.`movie_media` (`MovieID`, `MediaID`) VALUES ('2', '4');
INSERT INTO `moviedatabase`.`movie_media` (`MovieID`, `MediaID`) VALUES ('3', '5');
INSERT INTO `moviedatabase`.`movie_media` (`MovieID`, `MediaID`) VALUES ('3', '6');
INSERT INTO `moviedatabase`.`movie_media` (`MovieID`, `MediaID`) VALUES ('4', '7');
INSERT INTO `moviedatabase`.`movie_media` (`MovieID`, `MediaID`) VALUES ('4', '8');
INSERT INTO `moviedatabase`.`movie_media` (`MovieID`, `MediaID`) VALUES ('5', '9');
INSERT INTO `moviedatabase`.`movie_media` (`MovieID`, `MediaID`) VALUES ('5', '10');

INSERT INTO `moviedatabase`.`users` (`UserID`, `UserName`) VALUES ('1', 'Terestia Gant');
INSERT INTO `moviedatabase`.`users` (`UserID`, `UserName`) VALUES ('2', 'Kristen');
INSERT INTO `moviedatabase`.`users` (`UserID`, `UserName`) VALUES ('3', 'Saakib');
INSERT INTO `moviedatabase`.`users` (`UserID`, `UserName`) VALUES ('4', 'Hetvi');
INSERT INTO `moviedatabase`.`users` (`UserID`, `UserName`) VALUES ('5', 'Abheet');
INSERT INTO `moviedatabase`.`users` (`UserID`, `UserName`) VALUES ('6', 'Matthew');
INSERT INTO `moviedatabase`.`users` (`UserID`, `UserName`) VALUES ('7', 'Sameeksha');
INSERT INTO `moviedatabase`.`users` (`UserID`, `UserName`) VALUES ('8', 'Harsha');
INSERT INTO `moviedatabase`.`users` (`UserID`, `UserName`) VALUES ('9', 'Ryaan');
INSERT INTO `moviedatabase`.`users` (`UserID`, `UserName`) VALUES ('10', 'Barbara');


INSERT INTO `moviedatabase`.`reviews` (`ReviewsID`, `ReviewText`, `UserID`) VALUES ('1', 'This movie clearly shows what a pure  friendship based on higher love would be like.  It also is a joyful celebration of the imagination, one of humanity\'s greatest  possessions.  Jess and Leslie shared their ideas and adventures in a safe space they created called Terabithia.', '1');
INSERT INTO `moviedatabase`.`reviews` (`ReviewsID`, `ReviewText`, `UserID`) VALUES ('2', 'This movie came out when I was super young and I\'ll admit I was a little upset by Leslie’s death. Growing up and losing my best friend the twist at the end is one of my favorites. This movie reminds me of coco and my girl. Two movies that do a fantastic job at making death approachable for younger people', '2');
INSERT INTO `moviedatabase`.`reviews` (`ReviewsID`, `ReviewText`, `UserID`) VALUES ('3', 'Movies that make you laugh, movies that make you ponder,movies that may excite you, but only a few can make you cry. Forrest Gump does it all Boy, tears rolled down for the first time after watching a movie of course there are other movies that followed but surely none of those were even close to this phenomenal motion picture', '3');
INSERT INTO `moviedatabase`.`reviews` (`ReviewsID`, `ReviewText`, `UserID`) VALUES ('4', 'Movies that make you laugh, movies that make you ponder,movies that may excite you, but only a few can make you cry. Forrest Gump does it all Boy, tears rolled down for the first time after watching a movie ', '4');
INSERT INTO `moviedatabase`.`reviews` (`ReviewsID`, `ReviewText`, `UserID`) VALUES ('5', 'After an astounding Whiplash (2014), director Damien Chazelle is back with yet another awe-inspiring tale of music and passion in the form of La La Land which stars Ryan Gosling and Emma Stone in lead roles. As magical as the title suggests, the film takes viewers on a phenomenal ride of love and ambition but without turning a blind eye to the harsh realities of life.', '5');
INSERT INTO `moviedatabase`.`reviews` (`ReviewsID`, `ReviewText`, `UserID`) VALUES ('6', 'Damien Chazelle gained international acclaim and recognition from his masterful drama \'Whiplash\', what were the chances that he could pull off similar success two times in the row? Well, if \'La La Land\' is anything to go by, then I\'d say he did the job. With just three films under his belt as of 2016, Chazelle is slowly becoming the next big thing this movie industry has seen', '6');
INSERT INTO `moviedatabase`.`reviews` (`ReviewsID`, `ReviewText`, `UserID`) VALUES ('7', 'The best part in this movie is it\'s acting, one of the best performance of alia bhatt and truly my favourite, you won\'t see alia bhatt in this movie but you will actually see a depressed, afraid and lonely kaira who pretends to be the fearless cinematographer. Srk is just mind blowing', '7');
INSERT INTO `moviedatabase`.`reviews` (`ReviewsID`, `ReviewText`, `UserID`) VALUES ('8', 'The film was amazing. All the reviews say it, and everybody else talk about every inch of it to the very last detail so I’m not going to be descriptive and point out every single thing I liked', '8');
INSERT INTO `moviedatabase`.`reviews` (`ReviewsID`, `ReviewText`, `UserID`) VALUES ('9', 'The film done a fine job in balancing the comedic and dramatic elements of the story, providing enough laughter and allowing it to flow smoothly without feeling too overly long despite its 2 hours running time.', '9');
INSERT INTO `moviedatabase`.`reviews` (`ReviewsID`, `ReviewText`, `UserID`) VALUES ('10', 'What a delightfully simple, yet profoundly wise, love story of interconnected souls. I also love that the characters are authentic, and the dialogue is soul-igniting, sincere, heartfelt, playful, graceful, engaging, passionate, and even raw with transparent honesty. ', '10');


INSERT INTO `moviedatabase`.`movie_reviews` (`MovieID`, `ReviewID`) VALUES ('1', '1');
INSERT INTO `moviedatabase`.`movie_reviews` (`MovieID`, `ReviewID`) VALUES ('1', '2');
INSERT INTO `moviedatabase`.`movie_reviews` (`MovieID`, `ReviewID`) VALUES ('2', '3');
INSERT INTO `moviedatabase`.`movie_reviews` (`MovieID`, `ReviewID`) VALUES ('2', '4');
INSERT INTO `moviedatabase`.`movie_reviews` (`MovieID`, `ReviewID`) VALUES ('3', '5');
INSERT INTO `moviedatabase`.`movie_reviews` (`MovieID`, `ReviewID`) VALUES ('3', '6');
INSERT INTO `moviedatabase`.`movie_reviews` (`MovieID`, `ReviewID`) VALUES ('4', '7');
INSERT INTO `moviedatabase`.`movie_reviews` (`MovieID`, `ReviewID`) VALUES ('4', '8');
INSERT INTO `moviedatabase`.`movie_reviews` (`MovieID`, `ReviewID`) VALUES ('5', '9');
INSERT INTO `moviedatabase`.`movie_reviews` (`MovieID`, `ReviewID`) VALUES ('5', '10');

INSERT INTO `moviedatabase`.`artist` (`ArtistID`, `ArtistName`) VALUES ('1', 'Josh');
INSERT INTO `moviedatabase`.`artist` (`ArtistID`, `ArtistName`) VALUES ('2', 'AnnaSophia');
INSERT INTO `moviedatabase`.`artist` (`ArtistID`, `ArtistName`) VALUES ('3', 'Zooey');
INSERT INTO `moviedatabase`.`artist` (`ArtistID`, `ArtistName`) VALUES ('4', 'Bailee');
INSERT INTO `moviedatabase`.`artist` (`ArtistID`, `ArtistName`) VALUES ('5', 'Robert');


INSERT INTO `moviedatabase`.`skills` (`skillID`, `SkillName`) VALUES ('1', 'Stunts');
INSERT INTO `moviedatabase`.`skills` (`skillID`, `SkillName`) VALUES ('2', 'Acting');
INSERT INTO `moviedatabase`.`skills` (`skillID`, `SkillName`) VALUES ('3', 'Looks');
INSERT INTO `moviedatabase`.`skills` (`skillID`, `SkillName`) VALUES ('4', 'Dancing');
INSERT INTO `moviedatabase`.`skills` (`skillID`, `SkillName`) VALUES ('5', 'Crowd puller');



INSERT INTO `moviedatabase`.`artist_skills` (`ArtistID`, `SkillID`) VALUES ('1', '1');
INSERT INTO `moviedatabase`.`artist_skills` (`ArtistID`, `SkillID`) VALUES ('1', '2');
INSERT INTO `moviedatabase`.`artist_skills` (`ArtistID`, `SkillID`) VALUES ('2', '2');
INSERT INTO `moviedatabase`.`artist_skills` (`ArtistID`, `SkillID`) VALUES ('2', '4');
INSERT INTO `moviedatabase`.`artist_skills` (`ArtistID`, `SkillID`) VALUES ('3', '5');
INSERT INTO `moviedatabase`.`artist_skills` (`ArtistID`, `SkillID`) VALUES ('3', '1');
INSERT INTO `moviedatabase`.`artist_skills` (`ArtistID`, `SkillID`) VALUES ('4', '3');
INSERT INTO `moviedatabase`.`artist_skills` (`ArtistID`, `SkillID`) VALUES ('4', '2');
INSERT INTO `moviedatabase`.`artist_skills` (`ArtistID`, `SkillID`) VALUES ('5', '1');
INSERT INTO `moviedatabase`.`artist_skills` (`ArtistID`, `SkillID`) VALUES ('5', '5');


INSERT INTO `moviedatabase`.`roles` (`RoleID`, `RoleName`) VALUES ('1', 'lead actor');
INSERT INTO `moviedatabase`.`roles` (`RoleID`, `RoleName`) VALUES ('2', 'lead actress');


INSERT INTO `moviedatabase`.`movie_role` (`MovieID`, `RoleID`, `ArtistID`) VALUES ('1', '1', '1');
INSERT INTO `moviedatabase`.`movie_role` (`MovieID`, `RoleID`, `ArtistID`) VALUES ('1', '2', '2');
INSERT INTO `moviedatabase`.`movie_role` (`MovieID`, `RoleID`, `ArtistID`) VALUES ('2', '1', '5');
INSERT INTO `moviedatabase`.`movie_role` (`MovieID`, `RoleID`, `ArtistID`) VALUES ('2', '2', '3');
INSERT INTO `moviedatabase`.`movie_role` (`MovieID`, `RoleID`, `ArtistID`) VALUES ('3', '1', '1');
INSERT INTO `moviedatabase`.`movie_role` (`MovieID`, `RoleID`, `ArtistID`) VALUES ('3', '2', '4');
INSERT INTO `moviedatabase`.`movie_role` (`MovieID`, `RoleID`, `ArtistID`) VALUES ('4', '1', '5');
INSERT INTO `moviedatabase`.`movie_role` (`MovieID`, `RoleID`, `ArtistID`) VALUES ('4', '2', '2');
INSERT INTO `moviedatabase`.`movie_role` (`MovieID`, `RoleID`, `ArtistID`) VALUES ('5', '1', '1');
INSERT INTO `moviedatabase`.`movie_role` (`MovieID`, `RoleID`, `ArtistID`) VALUES ('5', '2', '2');

